{
  "session_info": {
    "total_frames": 399,
    "start_time": 1756945859.6279306,
    "end_time": 1756946046.8124342,
    "duration_seconds": 187.18450355529785,
    "average_fps": 2.131576444039593,
    "scene_name": "office1"
  },
  "performance_stats": {
    "caption_time": {
      "count": 399,
      "average": 15.356515493734344,
      "min": 15.012334,
      "max": 17.053236,
      "p50": 15.288937,
      "p95": 15.889305,
      "p99": 16.54634
    },
    "detection_time": {
      "count": 399,
      "average": 77.68060901754389,
      "min": 59.905974,
      "max": 90.529038,
      "p50": 80.290027,
      "p95": 86.810803,
      "p99": 88.519466
    },
    "segmentation_time": {
      "count": 399,
      "average": 25.28855506766917,
      "min": 17.299632,
      "max": 37.262504,
      "p50": 25.108844,
      "p95": 33.123125,
      "p99": 35.411485
    },
    "clip_time": {
      "count": 399,
      "average": 31.930918784461127,
      "min": 16.369079,
      "max": 79.694821,
      "p50": 30.586499,
      "p95": 47.028859,
      "p99": 53.410424
    },
    "pcd_creation_time": {
      "count": 399,
      "average": 35.762493416040094,
      "min": 5.2188,
      "max": 76.879043,
      "p50": 36.804305,
      "p95": 54.854463,
      "p99": 62.686428
    },
    "pcd_process_time": {
      "count": 399,
      "average": 23.15371589724312,
      "min": 3.734249,
      "max": 45.707321,
      "p50": 23.911634,
      "p95": 35.717515000000006,
      "p99": 41.300759
    },
    "mapping_time": {
      "count": 399,
      "average": 103.35088882456142,
      "min": 27.726105000000004,
      "max": 197.07139899999999,
      "p50": 103.431397,
      "p95": 154.954577,
      "p99": 193.363535
    },
    "gobs_creation_time": {
      "count": 399,
      "average": 71.3583044035087,
      "min": 16.949207,
      "max": 127.822041,
      "p50": 74.233243,
      "p95": 104.371287,
      "p99": 113.887965
    },
    "inference_time": {
      "count": 399,
      "average": 150.25659836340841,
      "min": 120.629508,
      "max": 194.74975999999998,
      "p50": 148.114578,
      "p95": 175.21325299999998,
      "p99": 187.98297799999997
    },
    "similarity_time": {
      "count": 399,
      "average": 4.7568697944862155,
      "min": 0.763157,
      "max": 14.132098,
      "p50": 4.428792,
      "p95": 8.963836,
      "p99": 10.382004
    },
    "merging_time": {
      "count": 399,
      "average": 6.336968989974939,
      "min": 0.697607,
      "max": 16.923807,
      "p50": 6.018893,
      "p95": 11.936311,
      "p99": 13.614076
    },
    "post_process_denoise_time": {
      "count": 399,
      "average": 15.258926463659146,
      "min": 1.302892,
      "max": 32.669973,
      "p50": 14.9628,
      "p95": 25.12706,
      "p99": 30.195189
    },
    "post_processing_time": {
      "count": 399,
      "average": 20.03084037844613,
      "min": 1.377516,
      "max": 71.547068,
      "p50": 16.355098,
      "p95": 52.515616,
      "p99": 65.492008
    },
    "clip_mapping": {
      "count": 399,
      "average": 104.78562733333331,
      "min": 35.615008,
      "max": 197.895689,
      "p50": 104.314728,
      "p95": 155.759998,
      "p99": 194.147864
    },
    "total_time": {
      "count": 399,
      "average": 223.11130691228092,
      "min": 144.024164,
      "max": 331.705227,
      "p50": 220.366985,
      "p95": 285.073872,
      "p99": 323.024335
    }
  }
}