{
  "session_info": {
    "total_frames": 398,
    "start_time": 1756943373.020494,
    "end_time": 1756943643.4184628,
    "duration_seconds": 270.3979687690735,
    "average_fps": 1.4718997123136155,
    "scene_name": "room1"
  },
  "performance_stats": {
    "caption_time": {
      "count": 398,
      "average": 15.691565635678398,
      "min": 14.958775,
      "max": 18.55826,
      "p50": 15.499309,
      "p95": 16.938674,
      "p99": 17.701358
    },
    "detection_time": {
      "count": 398,
      "average": 70.31841944974882,
      "min": 59.48735,
      "max": 84.24025,
      "p50": 70.100537,
      "p95": 76.773969,
      "p99": 79.770786
    },
    "segmentation_time": {
      "count": 398,
      "average": 62.00466046984927,
      "min": 21.124071,
      "max": 101.284652,
      "p50": 66.336365,
      "p95": 88.804751,
      "p99": 96.502573
    },
    "pcd_creation_time": {
      "count": 398,
      "average": 47.0441923517588,
      "min": 3.196237,
      "max": 82.014059,
      "p50": 48.179575,
      "p95": 66.546135,
      "p99": 77.19604
    },
    "pcd_process_time": {
      "count": 398,
      "average": 72.9493994648241,
      "min": 1.223867,
      "max": 130.549184,
      "p50": 77.39174899999999,
      "p95": 111.611325,
      "p99": 127.234313
    },
    "mapping_time": {
      "count": 398,
      "average": 269.3732407035176,
      "min": 25.707033,
      "max": 607.857013,
      "p50": 257.575161,
      "p95": 510.958816,
      "p99": 563.046163
    },
    "gobs_creation_time": {
      "count": 398,
      "average": 135.04971879397,
      "min": 8.53979,
      "max": 213.207533,
      "p50": 143.890876,
      "p95": 187.702958,
      "p99": 204.713573
    },
    "clip_time": {
      "count": 398,
      "average": 238.76177510050246,
      "min": 27.855041,
      "max": 397.747038,
      "p50": 261.566127,
      "p95": 346.748443,
      "p99": 387.050005
    },
    "inference_time": {
      "count": 398,
      "average": 386.7764206557788,
      "min": 131.891909,
      "max": 587.0608729999999,
      "p50": 414.681853,
      "p95": 519.365248,
      "p99": 567.238765
    },
    "similarity_time": {
      "count": 398,
      "average": 19.97464461055277,
      "min": 1.000767,
      "max": 81.421081,
      "p50": 14.111069,
      "p95": 50.47324,
      "p99": 59.7802
    },
    "merging_time": {
      "count": 398,
      "average": 12.356525474874376,
      "min": 0.999405,
      "max": 27.925688,
      "p50": 12.34283,
      "p95": 22.337002,
      "p99": 26.492061
    },
    "post_process_denoise_time": {
      "count": 398,
      "average": 56.30646814070346,
      "min": 2.59543,
      "max": 106.390828,
      "p50": 58.376693,
      "p95": 88.938678,
      "p99": 100.670417
    },
    "post_processing_time": {
      "count": 398,
      "average": 90.09670201758796,
      "min": 2.762525,
      "max": 362.521845,
      "p50": 63.030551,
      "p95": 290.248025,
      "p99": 343.209696
    },
    "clip_mapping": {
      "count": 398,
      "average": 374.0568687763817,
      "min": 44.16069,
      "max": 777.236888,
      "p50": 382.602562,
      "p95": 643.96629,
      "p99": 733.918515
    },
    "total_time": {
      "count": 398,
      "average": 522.0715143316578,
      "min": 147.175429,
      "max": 957.425648,
      "p50": 535.395803,
      "p95": 799.705987,
      "p99": 903.714258
    }
  }
}