{
  "session_info": {
    "total_frames": 399,
    "start_time": 1756946056.7458344,
    "end_time": 1756946321.8813248,
    "duration_seconds": 265.13549065589905,
    "average_fps": 1.5048857303419774,
    "scene_name": "office2"
  },
  "performance_stats": {
    "caption_time": {
      "count": 399,
      "average": 15.588749934837088,
      "min": 14.995216,
      "max": 18.553136,
      "p50": 15.44249,
      "p95": 16.651078,
      "p99": 17.888559
    },
    "detection_time": {
      "count": 399,
      "average": 71.7938070225564,
      "min": 59.755351,
      "max": 85.437978,
      "p50": 74.196496,
      "p95": 78.464998,
      "p99": 81.280121
    },
    "segmentation_time": {
      "count": 399,
      "average": 61.67896225062658,
      "min": 26.008511,
      "max": 102.711804,
      "p50": 62.834175,
      "p95": 85.011041,
      "p99": 98.345935
    },
    "pcd_creation_time": {
      "count": 399,
      "average": 51.96530437092733,
      "min": 9.069855,
      "max": 86.546663,
      "p50": 54.264262,
      "p95": 71.044418,
      "p99": 80.51285
    },
    "pcd_process_time": {
      "count": 399,
      "average": 84.74903934335843,
      "min": 5.008958,
      "max": 188.84731200000002,
      "p50": 90.84495300000002,
      "p95": 154.778715,
      "p99": 173.76518
    },
    "mapping_time": {
      "count": 399,
      "average": 264.2293553934836,
      "min": 90.259717,
      "max": 563.019487,
      "p50": 252.83069,
      "p95": 453.00870199999997,
      "p99": 537.262107
    },
    "gobs_creation_time": {
      "count": 399,
      "average": 152.17562022055142,
      "min": 20.409802,
      "max": 272.348649,
      "p50": 164.444664,
      "p95": 231.289063,
      "p99": 258.431251
    },
    "clip_time": {
      "count": 399,
      "average": 249.5333061378448,
      "min": 42.79783,
      "max": 412.73867,
      "p50": 266.712145,
      "p95": 357.63954,
      "p99": 388.700718
    },
    "inference_time": {
      "count": 399,
      "average": 398.59482534586476,
      "min": 159.82201700000002,
      "max": 602.670544,
      "p50": 410.132695,
      "p95": 529.010418,
      "p99": 566.152787
    },
    "similarity_time": {
      "count": 399,
      "average": 17.81147434837094,
      "min": 1.588859,
      "max": 64.149004,
      "p50": 8.665689,
      "p95": 51.733163,
      "p99": 57.901581
    },
    "merging_time": {
      "count": 399,
      "average": 13.753716057644109,
      "min": 2.973907,
      "max": 25.518262,
      "p50": 13.3558,
      "p95": 22.11524,
      "p99": 24.631266
    },
    "post_process_denoise_time": {
      "count": 399,
      "average": 48.81520725563907,
      "min": 9.002274,
      "max": 101.824071,
      "p50": 42.020741,
      "p95": 88.053627,
      "p99": 97.186073
    },
    "post_processing_time": {
      "count": 399,
      "average": 63.466192323308285,
      "min": 9.172554,
      "max": 269.611498,
      "p50": 45.403854,
      "p95": 195.847472,
      "p99": 237.080369
    },
    "clip_mapping": {
      "count": 399,
      "average": 363.56980661152863,
      "min": 142.358327,
      "max": 682.920164,
      "p50": 352.695187,
      "p95": 564.652827,
      "p99": 677.670116
    },
    "total_time": {
      "count": 399,
      "average": 512.6313258195493,
      "min": 265.654022,
      "max": 858.338452,
      "p50": 495.403483,
      "p95": 729.62514,
      "p99": 844.515252
    }
  }
}