{
  "session_info": {
    "total_frames": 399,
    "start_time": 1756945442.583797,
    "end_time": 1756945652.4775922,
    "duration_seconds": 209.8937952518463,
    "average_fps": 1.9009529261954325,
    "scene_name": "office1"
  },
  "performance_stats": {
    "caption_time": {
      "count": 399,
      "average": 15.59886045614035,
      "min": 14.963162,
      "max": 18.951223,
      "p50": 15.452937,
      "p95": 16.644633,
      "p99": 17.617466
    },
    "detection_time": {
      "count": 399,
      "average": 77.22972810275684,
      "min": 59.636746,
      "max": 88.619287,
      "p50": 79.590868,
      "p95": 86.291967,
      "p99": 88.462531
    },
    "segmentation_time": {
      "count": 399,
      "average": 55.36852462656642,
      "min": 28.067436,
      "max": 91.336045,
      "p50": 55.036886,
      "p95": 80.817425,
      "p99": 86.206088
    },
    "pcd_creation_time": {
      "count": 399,
      "average": 35.12094104511279,
      "min": 5.540255,
      "max": 64.439109,
      "p50": 37.349942,
      "p95": 54.484363,
      "p99": 62.008054
    },
    "pcd_process_time": {
      "count": 399,
      "average": 30.472486127819572,
      "min": 3.73963,
      "max": 68.806057,
      "p50": 31.248292000000003,
      "p95": 49.495689,
      "p99": 61.238694
    },
    "mapping_time": {
      "count": 399,
      "average": 141.37283756641608,
      "min": 29.202071,
      "max": 321.910059,
      "p50": 134.014512,
      "p95": 235.123415,
      "p99": 290.352923
    },
    "gobs_creation_time": {
      "count": 399,
      "average": 78.08712213784457,
      "min": 16.032155,
      "max": 135.899456,
      "p50": 82.45921,
      "p95": 117.260335,
      "p99": 127.504897
    },
    "clip_time": {
      "count": 399,
      "average": 172.9896644837093,
      "min": 59.786498,
      "max": 306.396913,
      "p50": 173.72615,
      "p95": 268.643962,
      "p99": 290.351459
    },
    "inference_time": {
      "count": 399,
      "average": 321.18677766917307,
      "min": 179.001596,
      "max": 499.890854,
      "p50": 317.49461199999996,
      "p95": 445.737805,
      "p99": 473.591278
    },
    "similarity_time": {
      "count": 399,
      "average": 8.005135766917292,
      "min": 0.892896,
      "max": 23.177984,
      "p50": 7.081642,
      "p95": 18.022698,
      "p99": 21.023749
    },
    "merging_time": {
      "count": 399,
      "average": 9.213744127819554,
      "min": 0.702395,
      "max": 28.634959,
      "p50": 8.31501,
      "p95": 17.619651,
      "p99": 22.217473
    },
    "post_process_denoise_time": {
      "count": 399,
      "average": 34.85121595989973,
      "min": 1.378899,
      "max": 75.626495,
      "p50": 32.842199,
      "p95": 61.318339,
      "p99": 70.45873
    },
    "post_processing_time": {
      "count": 399,
      "average": 43.994615471177944,
      "min": 1.45802,
      "max": 173.513935,
      "p50": 35.94727,
      "p95": 126.354954,
      "p99": 152.101569
    },
    "clip_mapping": {
      "count": 399,
      "average": 237.09636754636583,
      "min": 65.273601,
      "max": 475.679651,
      "p50": 224.312395,
      "p95": 381.14418,
      "p99": 446.076067
    },
    "total_time": {
      "count": 399,
      "average": 385.2934807318294,
      "min": 184.488699,
      "max": 664.723896,
      "p50": 367.271924,
      "p95": 562.518548,
      "p99": 620.77211
    }
  }
}