scene_id,miou,mrecall,mprecision,mf1score,fmiou
room0,24.20086964772528,36.41027364647016,27.80707080889007,27.596619213283187,46.72757713041088
room1,20.871223955366172,35.00662661206565,31.444044607250316,26.086877981532837,40.367013555470876
room2,26.743042189627886,36.18349339812994,36.632923781871796,32.58701122601389,67.46922944171017
office0,16.20988469570875,29.101469051092867,23.141934275627136,20.77841264033064,21.941690834697468
office1,23.28253966600945,33.34489396462838,24.151327261804706,24.664631250059163,57.45014471021533
office2,16.871780948713422,34.95074640959501,26.019988511689007,22.01292163331031,33.09530851808458
office3,20.987659976595925,31.54959494159335,28.26847419852302,25.149200872882144,40.72691983593166
office4,58.65557610988616,59.62918698787689,59.02297317981719,59.30930737645019,95.06303983985069
all,22.98160189276804,36.97618484982978,31.350786793653086,28.711775819522316,45.73746984724113
