scene_id,miou,mrecall,mprecision,mf1score,fmiou
room0,26.899133233920384,38.809555898541994,31.55513664950495,30.82691939115231,53.95991440963469
room1,18.17206448238147,30.826185506425407,24.247949374349496,23.06578626144157,34.870304892235445
room2,29.197428422048688,39.69150818884373,36.55635886825621,34.69193256185213,70.31112903849801
office0,16.10456410329789,28.68865791358985,18.211847450584173,20.082990286729988,20.411079109696136
office1,22.5667072772871,32.70170483744248,23.694185058613787,24.22413987499148,55.91669080011836
office2,18.76159949460998,36.01575712673366,25.400321185588837,24.735155405645973,31.353369519104675
office3,18.182037522395454,23.30450387228103,26.278408013638998,22.016786535311784,34.01957167802534
office4,58.48305940628051,59.48184311389924,58.99842083454132,59.22134998088977,94.71784723066574
all,23.395324174569634,36.34478941400195,34.294835851498014,29.626622614393135,44.26084615289959
