{
  "session_info": {
    "total_frames": 399,
    "start_time": 1756945022.661062,
    "end_time": 1756945232.9890704,
    "duration_seconds": 210.32800841331482,
    "average_fps": 1.8970283550817693,
    "scene_name": "office0"
  },
  "performance_stats": {
    "caption_time": {
      "count": 399,
      "average": 15.5894631027569,
      "min": 15.01777,
      "max": 19.083454,
      "p50": 15.472936,
      "p95": 16.373543,
      "p99": 17.244884
    },
    "detection_time": {
      "count": 399,
      "average": 76.30333300250629,
      "min": 59.563856,
      "max": 88.817644,
      "p50": 77.997767,
      "p95": 83.018411,
      "p99": 86.045197
    },
    "segmentation_time": {
      "count": 399,
      "average": 27.061524531328324,
      "min": 17.881147,
      "max": 38.532676,
      "p50": 26.874311,
      "p95": 34.029475,
      "p99": 35.445549
    },
    "clip_time": {
      "count": 399,
      "average": 39.08243043358398,
      "min": 20.277688,
      "max": 100.538395,
      "p50": 36.113139,
      "p95": 69.137348,
      "p99": 90.498602
    },
    "pcd_creation_time": {
      "count": 399,
      "average": 35.60996086967418,
      "min": 6.214587,
      "max": 71.39002,
      "p50": 34.603291,
      "p95": 53.573182,
      "p99": 59.255375
    },
    "pcd_process_time": {
      "count": 399,
      "average": 39.06178076691726,
      "min": 2.617862,
      "max": 78.82388399999999,
      "p50": 39.558744,
      "p95": 62.310773,
      "p99": 71.209823
    },
    "mapping_time": {
      "count": 399,
      "average": 237.85312088471176,
      "min": 41.110884999999996,
      "max": 747.749122,
      "p50": 203.285132,
      "p95": 554.467479,
      "p99": 719.3165429999999
    },
    "gobs_creation_time": {
      "count": 399,
      "average": 87.45191696491231,
      "min": 16.272237,
      "max": 151.311247,
      "p50": 87.208603,
      "p95": 128.762038,
      "p99": 144.225139
    },
    "inference_time": {
      "count": 399,
      "average": 158.03675107017546,
      "min": 124.27407600000001,
      "max": 227.91925099999997,
      "p50": 156.091391,
      "p95": 191.470641,
      "p99": 218.439964
    },
    "similarity_time": {
      "count": 399,
      "average": 23.448824927318295,
      "min": 1.71505,
      "max": 64.391514,
      "p50": 20.227862,
      "p95": 48.944799,
      "p99": 58.005956
    },
    "merging_time": {
      "count": 399,
      "average": 14.199773127819544,
      "min": 2.248917,
      "max": 40.696423,
      "p50": 13.300827,
      "p95": 28.422396,
      "p99": 32.738231
    },
    "post_process_denoise_time": {
      "count": 399,
      "average": 66.08206679949873,
      "min": 8.936757,
      "max": 153.61668,
      "p50": 66.333061,
      "p95": 110.410763,
      "p99": 144.170664
    },
    "post_processing_time": {
      "count": 399,
      "average": 109.93245079197997,
      "min": 9.086035,
      "max": 566.38666,
      "p50": 79.690434,
      "p95": 417.22863,
      "p99": 544.907795
    },
    "clip_mapping": {
      "count": 399,
      "average": 239.16804022305763,
      "min": 61.218715,
      "max": 748.485999,
      "p50": 204.08868,
      "p95": 555.290807,
      "p99": 720.050624
    },
    "total_time": {
      "count": 399,
      "average": 358.12236085964906,
      "min": 173.797469,
      "max": 871.993928,
      "p50": 326.663994,
      "p95": 682.853151,
      "p99": 839.815283
    }
  }
}