{
  "session_info": {
    "total_frames": 399,
    "start_time": 1756947826.6150951,
    "end_time": 1756948063.2393198,
    "duration_seconds": 236.62422490119934,
    "average_fps": 1.6862114115943454,
    "scene_name": "office4"
  },
  "performance_stats": {
    "caption_time": {
      "count": 399,
      "average": 15.645348378446124,
      "min": 14.916319,
      "max": 18.220139,
      "p50": 15.463574,
      "p95": 17.047788,
      "p99": 17.822411
    },
    "detection_time": {
      "count": 399,
      "average": 72.60003414786964,
      "min": 60.751545,
      "max": 87.684047,
      "p50": 74.886394,
      "p95": 82.883397,
      "p99": 86.877965
    },
    "segmentation_time": {
      "count": 399,
      "average": 26.68146576942357,
      "min": 17.398583,
      "max": 38.422679,
      "p50": 25.897228,
      "p95": 35.678574,
      "p99": 37.132808
    },
    "clip_time": {
      "count": 399,
      "average": 36.43429972431076,
      "min": 18.031932,
      "max": 105.421268,
      "p50": 34.034059,
      "p95": 55.421239,
      "p99": 89.208087
    },
    "pcd_creation_time": {
      "count": 399,
      "average": 44.19138211027569,
      "min": 9.772081,
      "max": 75.696223,
      "p50": 45.054019,
      "p95": 64.347259,
      "p99": 71.425532
    },
    "pcd_process_time": {
      "count": 399,
      "average": 75.33394230827065,
      "min": 6.3636219999999994,
      "max": 167.57343400000002,
      "p50": 67.326243,
      "p95": 139.066383,
      "p99": 159.34983799999998
    },
    "mapping_time": {
      "count": 399,
      "average": 329.5799217167922,
      "min": 77.091633,
      "max": 957.69831,
      "p50": 291.603393,
      "p95": 714.1752710000001,
      "p99": 855.906037
    },
    "gobs_creation_time": {
      "count": 399,
      "average": 132.88645514035085,
      "min": 25.905229,
      "max": 257.599347,
      "p50": 125.775721,
      "p95": 216.520361,
      "p99": 240.90445
    },
    "inference_time": {
      "count": 399,
      "average": 151.36114802005014,
      "min": 120.52921599999999,
      "max": 235.12481399999996,
      "p50": 145.51333200000002,
      "p95": 182.148422,
      "p99": 219.94755800000001
    },
    "similarity_time": {
      "count": 399,
      "average": 33.07482859398497,
      "min": 4.008129,
      "max": 107.643174,
      "p50": 28.689696,
      "p95": 78.054611,
      "p99": 99.454032
    },
    "merging_time": {
      "count": 399,
      "average": 16.908534313283223,
      "min": 2.038167,
      "max": 39.916091,
      "p50": 15.736621,
      "p95": 29.002525,
      "p99": 33.255768
    },
    "post_process_denoise_time": {
      "count": 399,
      "average": 86.81065742606515,
      "min": 15.462783,
      "max": 169.002613,
      "p50": 85.648177,
      "p95": 131.423205,
      "p99": 160.427011
    },
    "post_processing_time": {
      "count": 399,
      "average": 139.17520074185452,
      "min": 15.732817,
      "max": 682.245995,
      "p50": 92.946692,
      "p95": 535.858088,
      "p99": 634.754929
    },
    "clip_mapping": {
      "count": 399,
      "average": 330.561652679198,
      "min": 82.746059,
      "max": 958.971917,
      "p50": 292.324176,
      "p95": 716.020523,
      "p99": 856.747364
    },
    "total_time": {
      "count": 399,
      "average": 445.488500974937,
      "min": 194.390985,
      "max": 1087.948123,
      "p50": 405.102916,
      "p95": 849.136893,
      "p99": 980.887502
    }
  }
}