{
  "session_info": {
    "total_frames": 399,
    "start_time": 1756944761.894461,
    "end_time": 1756945012.7277868,
    "duration_seconds": 250.83332586288452,
    "average_fps": 1.5906918810837536,
    "scene_name": "office0"
  },
  "performance_stats": {
    "caption_time": {
      "count": 399,
      "average": 15.696439924812026,
      "min": 15.028886,
      "max": 18.47986,
      "p50": 15.504423,
      "p95": 17.119882,
      "p99": 18.143085
    },
    "detection_time": {
      "count": 399,
      "average": 76.46483495238093,
      "min": 59.984064,
      "max": 87.144163,
      "p50": 77.976551,
      "p95": 83.608199,
      "p99": 86.11547
    },
    "segmentation_time": {
      "count": 399,
      "average": 61.32086612531334,
      "min": 27.334252,
      "max": 96.513239,
      "p50": 60.781393,
      "p95": 84.346545,
      "p99": 90.304301
    },
    "pcd_creation_time": {
      "count": 399,
      "average": 36.388235170426064,
      "min": 4.952748,
      "max": 66.255628,
      "p50": 36.135952,
      "p95": 54.352989,
      "p99": 64.582852
    },
    "pcd_process_time": {
      "count": 399,
      "average": 40.26077932832079,
      "min": 2.441881,
      "max": 82.29774499999999,
      "p50": 40.919892,
      "p95": 63.138313999999994,
      "p99": 71.92396000000001
    },
    "mapping_time": {
      "count": 399,
      "average": 221.8285992882207,
      "min": 38.305577,
      "max": 630.27465,
      "p50": 199.638755,
      "p95": 505.24960300000004,
      "p99": 590.213188
    },
    "gobs_creation_time": {
      "count": 399,
      "average": 89.75394586967407,
      "min": 14.859237,
      "max": 155.251631,
      "p50": 90.873971,
      "p95": 130.452824,
      "p99": 140.671327
    },
    "clip_time": {
      "count": 399,
      "average": 200.81858961654117,
      "min": 57.083334,
      "max": 329.195998,
      "p50": 196.802266,
      "p95": 288.911237,
      "p99": 308.419818
    },
    "inference_time": {
      "count": 399,
      "average": 354.3007306190478,
      "min": 181.74083399999998,
      "max": 519.7531819999999,
      "p50": 350.92793700000004,
      "p95": 468.635193,
      "p99": 493.461863
    },
    "similarity_time": {
      "count": 399,
      "average": 18.17701673934837,
      "min": 1.564451,
      "max": 55.240818,
      "p50": 15.852065,
      "p95": 38.404679,
      "p99": 46.806119
    },
    "merging_time": {
      "count": 399,
      "average": 12.597760646616535,
      "min": 1.68182,
      "max": 29.770885,
      "p50": 12.312706,
      "p95": 21.842049,
      "p99": 25.940792
    },
    "post_process_denoise_time": {
      "count": 399,
      "average": 59.289047037593946,
      "min": 5.600598,
      "max": 148.009364,
      "p50": 62.280184,
      "p95": 98.460274,
      "p99": 117.661587
    },
    "post_processing_time": {
      "count": 399,
      "average": 97.03215826065158,
      "min": 5.80434,
      "max": 437.684456,
      "p50": 68.325412,
      "p95": 361.532086,
      "p99": 426.446139
    },
    "clip_mapping": {
      "count": 399,
      "average": 333.72112278446116,
      "min": 111.026474,
      "max": 754.137853,
      "p50": 310.590796,
      "p95": 652.875735,
      "p99": 712.669631
    },
    "total_time": {
      "count": 399,
      "average": 487.2032637869672,
      "min": 233.49872,
      "max": 925.69252,
      "p50": 469.725939,
      "p95": 814.142516,
      "p99": 891.264575
    }
  }
}