scene_id,miou,mrecall,mprecision,mf1score,fmiou
room0,25.349088552731857,39.03002339293775,30.26805221224609,29.928033895388182,49.02125314345703
room1,18.04197193368485,30.08161245992309,24.968003050277108,22.79163078731935,35.559130459785806
room2,26.708616642281413,33.1204772926867,31.31333963247016,30.610304883939065,70.3420509788909
office0,17.805487737059593,31.74979619681835,19.027926456183195,21.228852120487524,24.531365323185835
office1,22.544702112660765,32.68287825507691,23.636035026887235,24.20933024600761,55.96330408141299
office2,19.01088912272826,38.18984173703939,25.739877833984792,24.970463274508443,31.408949016651583
office3,25.282872787543702,30.576018066633313,31.06197842529842,28.67057854983192,41.50410327375601
office4,56.83549697860144,58.18214323255233,58.682301219087094,58.3284152088065,90.36655343087922
all,24.046981366548252,37.053960893812786,34.003631591719135,30.531774558213264,45.58094968603976
