{
  "session_info": {
    "total_frames": 399,
    "start_time": 1756942522.2324202,
    "end_time": 1756942860.3718758,
    "duration_seconds": 338.1394555568695,
    "average_fps": 1.1799833650794918,
    "scene_name": "room0"
  },
  "performance_stats": {
    "caption_time": {
      "count": 399,
      "average": 15.662215105263167,
      "min": 15.000506,
      "max": 18.151013,
      "p50": 15.517236,
      "p95": 16.85436,
      "p99": 17.715667
    },
    "detection_time": {
      "count": 399,
      "average": 66.2646944010025,
      "min": 60.723547,
      "max": 73.808341,
      "p50": 66.531637,
      "p95": 69.75891,
      "p99": 72.06741
    },
    "segmentation_time": {
      "count": 399,
      "average": 86.05676188220555,
      "min": 52.907835,
      "max": 125.924057,
      "p50": 85.393426,
      "p95": 111.427291,
      "p99": 116.216994
    },
    "pcd_creation_time": {
      "count": 399,
      "average": 56.16596289724307,
      "min": 32.91081,
      "max": 78.722707,
      "p50": 55.836504,
      "p95": 70.232444,
      "p99": 76.510063
    },
    "pcd_process_time": {
      "count": 399,
      "average": 112.3878888972432,
      "min": 52.81264,
      "max": 176.58123499999996,
      "p50": 109.97761600000003,
      "p95": 153.04650399999997,
      "p99": 172.07217799999998
    },
    "mapping_time": {
      "count": 399,
      "average": 334.72317564661677,
      "min": 194.52683000000002,
      "max": 550.7811810000001,
      "p50": 329.841362,
      "p95": 461.129048,
      "p99": 501.131485
    },
    "gobs_creation_time": {
      "count": 399,
      "average": 189.00114888220548,
      "min": 115.169351,
      "max": 279.537371,
      "p50": 187.131995,
      "p95": 237.301772,
      "p99": 262.318793
    },
    "clip_time": {
      "count": 399,
      "average": 351.2661894912281,
      "min": 215.509443,
      "max": 527.004296,
      "p50": 344.641368,
      "p95": 450.041147,
      "p99": 493.530074
    },
    "inference_time": {
      "count": 399,
      "average": 519.2498608796992,
      "min": 347.74570199999994,
      "max": 737.356303,
      "p50": 513.214837,
      "p95": 639.693836,
      "p99": 686.974009
    },
    "similarity_time": {
      "count": 399,
      "average": 15.6156996215539,
      "min": 2.886393,
      "max": 36.342667,
      "p50": 17.091152,
      "p95": 28.107085,
      "p99": 30.843389
    },
    "merging_time": {
      "count": 399,
      "average": 20.383465115288217,
      "min": 5.381778,
      "max": 39.395415,
      "p50": 20.530721,
      "p95": 32.814834,
      "p99": 36.353664
    },
    "post_process_denoise_time": {
      "count": 399,
      "average": 71.82810123308269,
      "min": 15.461691,
      "max": 131.552401,
      "p50": 79.00609,
      "p95": 111.657744,
      "p99": 120.379478
    },
    "post_processing_time": {
      "count": 399,
      "average": 84.81702079448624,
      "min": 15.627755,
      "max": 208.370284,
      "p50": 86.280621,
      "p95": 189.149606,
      "p99": 204.954554
    },
    "clip_mapping": {
      "count": 399,
      "average": 497.8346648646613,
      "min": 273.965032,
      "max": 761.627384,
      "p50": 494.649971,
      "p95": 666.113618,
      "p99": 708.340484
    },
    "total_time": {
      "count": 399,
      "average": 665.8183362531328,
      "min": 405.331561,
      "max": 951.010018,
      "p50": 667.434835,
      "p95": 851.001772,
      "p99": 905.524641
    }
  }
}