{
  "session_info": {
    "total_frames": 399,
    "start_time": 1756945242.640536,
    "end_time": 1756945432.6709816,
    "duration_seconds": 190.0304455757141,
    "average_fps": 2.0996531104687923,
    "scene_name": "office0"
  },
  "performance_stats": {
    "caption_time": {
      "count": 399,
      "average": 15.32615647619047,
      "min": 14.937248,
      "max": 17.263042,
      "p50": 15.218387,
      "p95": 15.950386,
      "p99": 16.692142
    },
    "detection_time": {
      "count": 399,
      "average": 75.41028440350877,
      "min": 58.95648,
      "max": 87.750594,
      "p50": 77.057758,
      "p95": 83.333995,
      "p99": 85.941556
    },
    "segmentation_time": {
      "count": 399,
      "average": 27.047015238095227,
      "min": 18.373704,
      "max": 38.589209,
      "p50": 26.882392,
      "p95": 34.224785,
      "p99": 36.27037
    },
    "clip_time": {
      "count": 399,
      "average": 37.09770704260652,
      "min": 19.484884,
      "max": 84.187483,
      "p50": 35.011576,
      "p95": 59.713729,
      "p99": 76.525548
    },
    "pcd_creation_time": {
      "count": 399,
      "average": 36.20544098245614,
      "min": 5.750548,
      "max": 65.194443,
      "p50": 35.984604,
      "p95": 54.0944,
      "p99": 59.397603
    },
    "pcd_process_time": {
      "count": 399,
      "average": 25.954674100250596,
      "min": 2.4222420000000002,
      "max": 50.190153,
      "p50": 26.196845999999997,
      "p95": 41.356266000000005,
      "p99": 45.917953999999995
    },
    "mapping_time": {
      "count": 399,
      "average": 113.86907876441101,
      "min": 26.645229999999998,
      "max": 204.262783,
      "p50": 113.131203,
      "p95": 180.13669,
      "p99": 202.443123
    },
    "gobs_creation_time": {
      "count": 399,
      "average": 75.0220062155389,
      "min": 19.712505,
      "max": 118.403096,
      "p50": 75.349504,
      "p95": 107.688074,
      "p99": 115.367907
    },
    "inference_time": {
      "count": 399,
      "average": 154.88116316040103,
      "min": 123.10821899999999,
      "max": 218.5155,
      "p50": 153.74986399999997,
      "p95": 184.64197000000001,
      "p99": 206.092719
    },
    "similarity_time": {
      "count": 399,
      "average": 5.431855205513782,
      "min": 1.17722,
      "max": 12.340852,
      "p50": 4.827808,
      "p95": 9.875431,
      "p99": 10.911785
    },
    "merging_time": {
      "count": 399,
      "average": 6.254625974937344,
      "min": 1.233616,
      "max": 12.473556,
      "p50": 6.246739,
      "p95": 10.342746,
      "p99": 11.343428
    },
    "post_process_denoise_time": {
      "count": 399,
      "average": 18.07286449122809,
      "min": 2.853411,
      "max": 34.98074,
      "p50": 18.220028,
      "p95": 29.246562,
      "p99": 32.918622
    },
    "post_processing_time": {
      "count": 399,
      "average": 25.58463098997495,
      "min": 3.064363,
      "max": 91.951561,
      "p50": 21.338869,
      "p95": 71.825673,
      "p99": 86.999535
    },
    "clip_mapping": {
      "count": 399,
      "average": 115.09403691228067,
      "min": 41.78053,
      "max": 205.026943,
      "p50": 113.982528,
      "p95": 180.935862,
      "p99": 203.224718
    },
    "total_time": {
      "count": 399,
      "average": 232.87749303007513,
      "min": 145.623107,
      "max": 334.592224,
      "p50": 230.984458,
      "p95": 306.83332,
      "p99": 328.183649
    }
  }
}