{
  "session_info": {
    "total_frames": 399,
    "start_time": 1756947338.2157218,
    "end_time": 1756947537.8843298,
    "duration_seconds": 199.66860818862915,
    "average_fps": 1.9983020596281005,
    "scene_name": "office3"
  },
  "performance_stats": {
    "caption_time": {
      "count": 399,
      "average": 15.411530250626557,
      "min": 15.066808,
      "max": 18.128018,
      "p50": 15.296481,
      "p95": 16.12054,
      "p99": 16.988125
    },
    "detection_time": {
      "count": 399,
      "average": 68.05300567669167,
      "min": 59.87357,
      "max": 75.876036,
      "p50": 68.802705,
      "p95": 73.480402,
      "p99": 75.376392
    },
    "segmentation_time": {
      "count": 399,
      "average": 31.253630476190484,
      "min": 21.675149,
      "max": 49.682253,
      "p50": 31.136292,
      "p95": 40.277699,
      "p99": 44.539568
    },
    "clip_time": {
      "count": 399,
      "average": 43.36426211779451,
      "min": 24.130255,
      "max": 120.590042,
      "p50": 42.003563,
      "p95": 63.699673,
      "p99": 86.668465
    },
    "pcd_creation_time": {
      "count": 399,
      "average": 47.702188373433536,
      "min": 15.040625,
      "max": 76.667369,
      "p50": 49.09852,
      "p95": 66.158065,
      "p99": 72.133946
    },
    "pcd_process_time": {
      "count": 399,
      "average": 39.81188483458646,
      "min": 14.944249000000001,
      "max": 64.12968,
      "p50": 40.440956,
      "p95": 56.699540000000006,
      "p99": 62.25267000000001
    },
    "mapping_time": {
      "count": 399,
      "average": 153.37326685714282,
      "min": 77.125877,
      "max": 274.080882,
      "p50": 149.796275,
      "p95": 222.97238600000003,
      "p99": 262.2578
    },
    "gobs_creation_time": {
      "count": 399,
      "average": 103.97002393984961,
      "min": 50.195376,
      "max": 155.145437,
      "p50": 106.177073,
      "p95": 139.107316,
      "p99": 148.236301
    },
    "inference_time": {
      "count": 399,
      "average": 158.08242852130329,
      "min": 122.241555,
      "max": 247.345306,
      "p50": 158.03457599999996,
      "p95": 187.220035,
      "p99": 207.01665600000004
    },
    "similarity_time": {
      "count": 399,
      "average": 6.557992448621558,
      "min": 2.120684,
      "max": 13.986243,
      "p50": 6.529478,
      "p95": 10.508284,
      "p99": 12.03567
    },
    "merging_time": {
      "count": 399,
      "average": 7.647471177944858,
      "min": 2.402875,
      "max": 14.641656,
      "p50": 7.255197,
      "p95": 12.016162,
      "p99": 13.49373
    },
    "post_process_denoise_time": {
      "count": 399,
      "average": 23.275744744360896,
      "min": 5.942741,
      "max": 47.523692,
      "p50": 21.98988,
      "p95": 40.875954,
      "p99": 44.703388
    },
    "post_processing_time": {
      "count": 399,
      "average": 31.06533435087721,
      "min": 8.098878,
      "max": 111.229014,
      "p50": 24.254292,
      "p95": 83.771064,
      "p99": 102.567867
    },
    "clip_mapping": {
      "count": 399,
      "average": 154.45382125814547,
      "min": 78.57833,
      "max": 275.022352,
      "p50": 150.566564,
      "p95": 223.75341,
      "p99": 263.062009
    },
    "total_time": {
      "count": 399,
      "average": 269.17198766165404,
      "min": 190.409687,
      "max": 404.228861,
      "p50": 263.485037,
      "p95": 348.596239,
      "p99": 389.987175
    }
  }
}