{
  "session_info": {
    "total_frames": 399,
    "start_time": 1756946762.3098338,
    "end_time": 1756947082.528797,
    "duration_seconds": 320.2189633846283,
    "average_fps": 1.2460188957027436,
    "scene_name": "office3"
  },
  "performance_stats": {
    "caption_time": {
      "count": 399,
      "average": 15.77855742857143,
      "min": 15.008142,
      "max": 18.150024,
      "p50": 15.650263,
      "p95": 16.775373,
      "p99": 17.342571
    },
    "detection_time": {
      "count": 399,
      "average": 68.61257467418548,
      "min": 60.252103,
      "max": 85.615521,
      "p50": 69.286702,
      "p95": 74.352335,
      "p99": 78.659459
    },
    "segmentation_time": {
      "count": 399,
      "average": 71.86512521052639,
      "min": 44.366189,
      "max": 104.915795,
      "p50": 73.956892,
      "p95": 91.411722,
      "p99": 98.479836
    },
    "pcd_creation_time": {
      "count": 399,
      "average": 48.29297690225564,
      "min": 14.655362,
      "max": 77.857425,
      "p50": 50.538023,
      "p95": 66.566104,
      "p99": 70.928823
    },
    "pcd_process_time": {
      "count": 399,
      "average": 118.51685361152876,
      "min": 19.872108000000004,
      "max": 232.975785,
      "p50": 122.677377,
      "p95": 199.75643900000006,
      "p99": 212.29643299999998
    },
    "mapping_time": {
      "count": 399,
      "average": 349.71964519298245,
      "min": 143.494808,
      "max": 974.3837450000001,
      "p50": 309.96166,
      "p95": 617.7672680000001,
      "p99": 858.512434
    },
    "gobs_creation_time": {
      "count": 399,
      "average": 183.40645328822077,
      "min": 48.931797,
      "max": 325.322915,
      "p50": 188.835618,
      "p95": 278.729116,
      "p99": 291.094528
    },
    "clip_time": {
      "count": 399,
      "average": 315.34618230075216,
      "min": 157.444458,
      "max": 481.330963,
      "p50": 317.46534,
      "p95": 440.201293,
      "p99": 476.526457
    },
    "inference_time": {
      "count": 399,
      "average": 471.60243961403495,
      "min": 298.214298,
      "max": 666.609397,
      "p50": 472.476501,
      "p95": 611.484377,
      "p99": 658.623901
    },
    "similarity_time": {
      "count": 399,
      "average": 24.023601874686737,
      "min": 4.933742,
      "max": 110.345124,
      "p50": 15.521327,
      "p95": 83.514339,
      "p99": 105.234181
    },
    "merging_time": {
      "count": 399,
      "average": 18.742457997493748,
      "min": 4.007226,
      "max": 49.523861,
      "p50": 16.395643,
      "p95": 38.771155,
      "p99": 43.899104
    },
    "post_process_denoise_time": {
      "count": 399,
      "average": 67.11143646867167,
      "min": 14.159394,
      "max": 169.845055,
      "p50": 62.595604,
      "p95": 143.610122,
      "p99": 161.60473
    },
    "post_processing_time": {
      "count": 399,
      "average": 100.37091777192984,
      "min": 14.43762,
      "max": 540.025534,
      "p50": 66.674971,
      "p95": 386.732576,
      "p99": 475.422248
    },
    "clip_mapping": {
      "count": 399,
      "average": 482.54445361904743,
      "min": 260.139226,
      "max": 1143.484082,
      "p50": 446.240443,
      "p95": 805.417335,
      "p99": 1024.757055
    },
    "total_time": {
      "count": 399,
      "average": 638.800710932331,
      "min": 392.492596,
      "max": 1314.767166,
      "p50": 603.888159,
      "p95": 973.03796,
      "p99": 1204.015565
    }
  }
}