{
  "session_info": {
    "total_frames": 398,
    "start_time": 1756943868.913526,
    "end_time": 1756944064.1078446,
    "duration_seconds": 195.19431853294373,
    "average_fps": 2.0389842891004726,
    "scene_name": "room1"
  },
  "performance_stats": {
    "caption_time": {
      "count": 398,
      "average": 15.349360203517584,
      "min": 14.916023,
      "max": 17.562485,
      "p50": 15.24129,
      "p95": 16.290252,
      "p99": 16.999025
    },
    "detection_time": {
      "count": 398,
      "average": 70.0388883768844,
      "min": 59.094516,
      "max": 80.949374,
      "p50": 69.966263,
      "p95": 76.707822,
      "p99": 79.348959
    },
    "segmentation_time": {
      "count": 398,
      "average": 28.055838658291435,
      "min": 16.175125,
      "max": 47.646812,
      "p50": 29.219802,
      "p95": 37.735761,
      "p99": 43.300142
    },
    "clip_time": {
      "count": 398,
      "average": 36.034944025125654,
      "min": 15.038339,
      "max": 84.898797,
      "p50": 36.610998,
      "p95": 53.893357,
      "p99": 66.907996
    },
    "pcd_creation_time": {
      "count": 398,
      "average": 45.77148571608035,
      "min": 3.805162,
      "max": 76.93177,
      "p50": 46.794514,
      "p95": 64.219163,
      "p99": 73.081344
    },
    "pcd_process_time": {
      "count": 398,
      "average": 32.95162434170854,
      "min": 1.253975,
      "max": 55.16944599999999,
      "p50": 33.616381000000004,
      "p95": 47.88496000000001,
      "p99": 51.493826000000006
    },
    "mapping_time": {
      "count": 398,
      "average": 141.47005064070345,
      "min": 17.979219999999998,
      "max": 264.066031,
      "p50": 143.19306,
      "p95": 220.822854,
      "p99": 243.465802
    },
    "gobs_creation_time": {
      "count": 398,
      "average": 93.64620242964816,
      "min": 9.071555,
      "max": 144.74636,
      "p50": 99.173661,
      "p95": 127.213082,
      "p99": 138.355051
    },
    "inference_time": {
      "count": 398,
      "average": 149.47903126381902,
      "min": 114.966494,
      "max": 206.94278,
      "p50": 150.96743600000002,
      "p95": 177.669452,
      "p99": 188.602616
    },
    "similarity_time": {
      "count": 398,
      "average": 6.55669788190955,
      "min": 0.811239,
      "max": 12.89039,
      "p50": 7.10935,
      "p95": 11.454486,
      "p99": 12.410636
    },
    "merging_time": {
      "count": 398,
      "average": 7.052772698492463,
      "min": 0.378908,
      "max": 15.216653,
      "p50": 7.536752,
      "p95": 11.370048,
      "p99": 13.660396
    },
    "post_process_denoise_time": {
      "count": 398,
      "average": 20.416099939698473,
      "min": 0.776806,
      "max": 39.002358,
      "p50": 21.15899,
      "p95": 32.397355,
      "p99": 36.645013
    },
    "post_processing_time": {
      "count": 398,
      "average": 31.122371974874405,
      "min": 1.923738,
      "max": 115.715319,
      "p50": 23.525443,
      "p95": 91.41889,
      "p99": 105.945855
    },
    "clip_mapping": {
      "count": 398,
      "average": 142.35099473869352,
      "min": 26.412491,
      "max": 264.947358,
      "p50": 143.953392,
      "p95": 221.620012,
      "p99": 244.269089
    },
    "total_time": {
      "count": 398,
      "average": 255.79508197738684,
      "min": 126.317551,
      "max": 390.121653,
      "p50": 256.839765,
      "p95": 337.054025,
      "p99": 372.673426
    }
  }
}