{
  "session_info": {
    "total_frames": 399,
    "start_time": 1756947548.0170808,
    "end_time": 1756947816.6271343,
    "duration_seconds": 268.6100535392761,
    "average_fps": 1.4854196105576627,
    "scene_name": "office4"
  },
  "performance_stats": {
    "caption_time": {
      "count": 399,
      "average": 15.720007852130337,
      "min": 15.008593,
      "max": 19.022263,
      "p50": 15.551055,
      "p95": 16.73876,
      "p99": 17.937082
    },
    "detection_time": {
      "count": 399,
      "average": 73.01201886215541,
      "min": 60.659815,
      "max": 91.866753,
      "p50": 74.708008,
      "p95": 83.914881,
      "p99": 87.61486
    },
    "segmentation_time": {
      "count": 399,
      "average": 60.16489334586468,
      "min": 26.899017,
      "max": 101.676261,
      "p50": 57.475003,
      "p95": 89.570828,
      "p99": 94.174208
    },
    "pcd_creation_time": {
      "count": 399,
      "average": 47.029555112781935,
      "min": 10.2017,
      "max": 74.189838,
      "p50": 47.562424,
      "p95": 65.957133,
      "p99": 70.831747
    },
    "pcd_process_time": {
      "count": 399,
      "average": 82.25305870676692,
      "min": 6.2209460000000005,
      "max": 170.65928,
      "p50": 76.91197700000001,
      "p95": 144.24309699999998,
      "p99": 163.194623
    },
    "mapping_time": {
      "count": 399,
      "average": 278.18590149874666,
      "min": 66.004041,
      "max": 610.827765,
      "p50": 272.100241,
      "p95": 472.4286,
      "p99": 557.378688
    },
    "gobs_creation_time": {
      "count": 399,
      "average": 143.35675963659145,
      "min": 25.385009,
      "max": 258.843581,
      "p50": 141.254643,
      "p95": 223.191496,
      "p99": 248.495985
    },
    "clip_time": {
      "count": 399,
      "average": 243.10195409774443,
      "min": 52.974274,
      "max": 461.152915,
      "p50": 237.278135,
      "p95": 375.567231,
      "p99": 423.722749
    },
    "inference_time": {
      "count": 399,
      "average": 391.99887415789465,
      "min": 166.30123600000002,
      "max": 654.4525719999999,
      "p50": 386.135071,
      "p95": 556.488944,
      "p99": 612.401106
    },
    "similarity_time": {
      "count": 399,
      "average": 18.856865150375945,
      "min": 1.377226,
      "max": 95.074016,
      "p50": 16.957554,
      "p95": 37.382064,
      "p99": 73.102588
    },
    "merging_time": {
      "count": 399,
      "average": 12.160369776942362,
      "min": 0.748885,
      "max": 36.102227,
      "p50": 11.004739,
      "p95": 24.37938,
      "p99": 30.503255
    },
    "post_process_denoise_time": {
      "count": 399,
      "average": 62.17566321303259,
      "min": 3.863578,
      "max": 151.536277,
      "p50": 59.801587,
      "p95": 113.635008,
      "p99": 143.704552
    },
    "post_processing_time": {
      "count": 399,
      "average": 84.17031427067668,
      "min": 4.09329,
      "max": 425.554864,
      "p50": 68.077008,
      "p95": 220.636894,
      "p99": 334.10082
    },
    "clip_mapping": {
      "count": 399,
      "average": 378.9600917318294,
      "min": 89.897001,
      "max": 776.99443,
      "p50": 365.348731,
      "p95": 614.826348,
      "p99": 708.384447
    },
    "total_time": {
      "count": 399,
      "average": 527.85701179198,
      "min": 200.95874,
      "max": 970.294087,
      "p50": 510.209236,
      "p95": 790.688379,
      "p99": 893.489424
    }
  }
}