{
  "session_info": {
    "total_frames": 399,
    "start_time": 1756948073.2585523,
    "end_time": 1756948264.9996877,
    "duration_seconds": 191.741135597229,
    "average_fps": 2.0809206287359525,
    "scene_name": "office4"
  },
  "performance_stats": {
    "caption_time": {
      "count": 399,
      "average": 15.315082105263162,
      "min": 14.893962,
      "max": 17.099433,
      "p50": 15.214381,
      "p95": 16.062828,
      "p99": 16.667262
    },
    "detection_time": {
      "count": 399,
      "average": 72.15272822556393,
      "min": 60.495574,
      "max": 92.776835,
      "p50": 73.579698,
      "p95": 82.38569,
      "p99": 87.101488
    },
    "segmentation_time": {
      "count": 399,
      "average": 26.759423766917287,
      "min": 17.673602,
      "max": 40.17327,
      "p50": 25.901191,
      "p95": 35.882891,
      "p99": 38.008481
    },
    "clip_time": {
      "count": 399,
      "average": 35.7303589899749,
      "min": 18.002144,
      "max": 80.611037,
      "p50": 33.966981,
      "p95": 52.902623,
      "p99": 68.521263
    },
    "pcd_creation_time": {
      "count": 399,
      "average": 45.17142720300756,
      "min": 9.698327,
      "max": 72.43132,
      "p50": 46.760182,
      "p95": 63.575963,
      "p99": 72.162107
    },
    "pcd_process_time": {
      "count": 399,
      "average": 32.609789220551384,
      "min": 6.048056,
      "max": 57.57190899999999,
      "p50": 33.139847,
      "p95": 47.795804999999994,
      "p99": 54.794228000000004
    },
    "mapping_time": {
      "count": 399,
      "average": 134.9172925313284,
      "min": 43.218756,
      "max": 280.31616599999995,
      "p50": 133.241817,
      "p95": 207.120905,
      "p99": 255.168176
    },
    "gobs_creation_time": {
      "count": 399,
      "average": 91.24380005764411,
      "min": 24.462861,
      "max": 143.237085,
      "p50": 94.577354,
      "p95": 124.341524,
      "p99": 140.002028
    },
    "inference_time": {
      "count": 399,
      "average": 149.95759308771935,
      "min": 120.793754,
      "max": 208.164329,
      "p50": 144.970764,
      "p95": 180.388943,
      "p99": 191.372981
    },
    "similarity_time": {
      "count": 399,
      "average": 6.354793546365912,
      "min": 1.947828,
      "max": 16.571746,
      "p50": 5.583657,
      "p95": 11.652175,
      "p99": 15.138095
    },
    "merging_time": {
      "count": 399,
      "average": 6.761193949874692,
      "min": 1.446822,
      "max": 12.335971,
      "p50": 6.475861,
      "p95": 10.673779,
      "p99": 11.998324
    },
    "post_process_denoise_time": {
      "count": 399,
      "average": 18.99576491478696,
      "min": 5.159007,
      "max": 36.037347,
      "p50": 18.642483,
      "p95": 29.076044,
      "p99": 32.802291
    },
    "post_processing_time": {
      "count": 399,
      "average": 28.23475611779448,
      "min": 5.523515,
      "max": 128.165051,
      "p50": 20.796916,
      "p95": 86.64468,
      "p99": 106.608413
    },
    "clip_mapping": {
      "count": 399,
      "average": 135.84729837092732,
      "min": 46.037656,
      "max": 281.11701,
      "p50": 134.377668,
      "p95": 207.948581,
      "p99": 255.991896
    },
    "total_time": {
      "count": 399,
      "average": 250.07453246867175,
      "min": 156.556892,
      "max": 405.989958,
      "p50": 244.88851,
      "p95": 334.124465,
      "p99": 385.377534
    }
  }
}