{
  "session_info": {
    "total_frames": 399,
    "start_time": 1756944340.5259461,
    "end_time": 1756944544.959121,
    "duration_seconds": 204.43317484855652,
    "average_fps": 1.9517293254413444,
    "scene_name": "room2"
  },
  "performance_stats": {
    "caption_time": {
      "count": 399,
      "average": 15.515883734335834,
      "min": 15.009104,
      "max": 18.405164,
      "p50": 15.368072,
      "p95": 16.444977,
      "p99": 17.390763
    },
    "detection_time": {
      "count": 399,
      "average": 66.3448918696742,
      "min": 60.733436,
      "max": 79.399033,
      "p50": 65.049494,
      "p95": 74.86858,
      "p99": 77.443424
    },
    "segmentation_time": {
      "count": 399,
      "average": 28.228707634085243,
      "min": 18.157815,
      "max": 43.322436,
      "p50": 28.220299,
      "p95": 33.284869,
      "p99": 41.085138
    },
    "clip_time": {
      "count": 399,
      "average": 35.48045186967418,
      "min": 22.298941,
      "max": 84.389397,
      "p50": 34.211715,
      "p95": 47.76366,
      "p99": 57.539931
    },
    "pcd_creation_time": {
      "count": 399,
      "average": 49.914868443608995,
      "min": 7.358393,
      "max": 81.784104,
      "p50": 50.826431,
      "p95": 68.703018,
      "p99": 74.875879
    },
    "pcd_process_time": {
      "count": 399,
      "average": 72.06747817293234,
      "min": 5.146614,
      "max": 130.07034699999997,
      "p50": 73.04919400000001,
      "p95": 115.00071899999998,
      "p99": 128.288859
    },
    "mapping_time": {
      "count": 399,
      "average": 227.64309087969923,
      "min": 38.702187,
      "max": 521.290337,
      "p50": 222.21308199999999,
      "p95": 361.560979,
      "p99": 466.554188
    },
    "gobs_creation_time": {
      "count": 399,
      "average": 137.19546387719302,
      "min": 20.539374,
      "max": 222.241192,
      "p50": 140.343969,
      "p95": 198.47668,
      "p99": 211.33525
    },
    "inference_time": {
      "count": 399,
      "average": 145.56993510776942,
      "min": 121.639035,
      "max": 208.61517400000002,
      "p50": 143.891625,
      "p95": 164.40728099999998,
      "p99": 180.92911800000002
    },
    "similarity_time": {
      "count": 399,
      "average": 11.360132438596485,
      "min": 2.489735,
      "max": 52.443052,
      "p50": 9.741284,
      "p95": 22.196256,
      "p99": 51.555226
    },
    "merging_time": {
      "count": 399,
      "average": 8.778201363408526,
      "min": 0.904752,
      "max": 15.536609,
      "p50": 8.787197,
      "p95": 12.916475,
      "p99": 14.842679
    },
    "post_process_denoise_time": {
      "count": 399,
      "average": 41.29175656390977,
      "min": 4.531314,
      "max": 89.575912,
      "p50": 40.865951,
      "p95": 67.470532,
      "p99": 77.867933
    },
    "post_processing_time": {
      "count": 399,
      "average": 58.26218919298247,
      "min": 4.922011,
      "max": 361.923092,
      "p50": 44.559044,
      "p95": 157.772484,
      "p99": 308.021209
    },
    "clip_mapping": {
      "count": 399,
      "average": 228.63074123308283,
      "min": 47.719375,
      "max": 522.059992,
      "p50": 223.009059,
      "p95": 362.445824,
      "p99": 468.023354
    },
    "total_time": {
      "count": 399,
      "average": 338.72022447117786,
      "min": 156.41949,
      "max": 642.202531,
      "p50": 333.845655,
      "p95": 476.692084,
      "p99": 575.917353
    }
  }
}