scene_id,miou,mrecall,mprecision,mf1score,fmiou
room0,25.017579470801614,38.05279780594308,28.625252919838477,28.249136251121914,47.233533532287524
room1,28.89131754452951,40.81728117277012,36.83119529956265,34.42124178923739,41.64540364997189
room2,26.159449527040124,32.82337160781026,30.82263971446082,30.194588343776417,69.66904369936142
office0,15.31051901052706,30.10481637902558,20.561036720173433,20.371999897808085,24.741496083703233
office1,26.42395793889389,36.45882041510049,29.55642668499018,28.75977317376741,56.858379462685335
office2,22.7643619524315,42.378725949674845,30.301291635259986,28.105344232939995,31.07840503440178
office3,21.07748545351483,30.305599882489158,29.217093757220674,25.573433814524666,37.180727350261364
office4,57.34935522079467,58.73669207096099,58.50469172000885,58.61621748429175,93.29774257503823
all,23.274042640629055,37.860864376592005,31.93901440663072,29.76765641161943,45.8138981220382
