{
  "session_info": {
    "total_frames": 399,
    "start_time": 1756942870.5516543,
    "end_time": 1756943143.7157145,
    "duration_seconds": 273.1640601158142,
    "average_fps": 1.460655849317531,
    "scene_name": "room0"
  },
  "performance_stats": {
    "caption_time": {
      "count": 399,
      "average": 15.803611606516299,
      "min": 14.96392,
      "max": 19.506294,
      "p50": 15.61235,
      "p95": 16.912659,
      "p99": 18.420524
    },
    "detection_time": {
      "count": 399,
      "average": 67.1060181478696,
      "min": 61.542136,
      "max": 77.18351,
      "p50": 67.415827,
      "p95": 70.478519,
      "p99": 72.874983
    },
    "segmentation_time": {
      "count": 399,
      "average": 36.6529804461153,
      "min": 24.653785,
      "max": 56.804021,
      "p50": 36.239779,
      "p95": 48.526124,
      "p99": 54.815912
    },
    "clip_time": {
      "count": 399,
      "average": 47.88288070426063,
      "min": 28.655934,
      "max": 123.252778,
      "p50": 47.435417,
      "p95": 62.785006,
      "p99": 69.076696
    },
    "pcd_creation_time": {
      "count": 399,
      "average": 55.31757964160399,
      "min": 35.624679,
      "max": 88.559264,
      "p50": 55.36427,
      "p95": 67.346641,
      "p99": 75.833897
    },
    "pcd_process_time": {
      "count": 399,
      "average": 109.97346853884714,
      "min": 55.79086099999999,
      "max": 174.552702,
      "p50": 107.71586300000001,
      "p95": 150.48877099999999,
      "p99": 169.857878
    },
    "mapping_time": {
      "count": 399,
      "average": 382.89167995739336,
      "min": 175.12641200000002,
      "max": 755.38244,
      "p50": 349.877048,
      "p95": 639.586786,
      "p99": 725.608468
    },
    "gobs_creation_time": {
      "count": 399,
      "average": 185.71921829573935,
      "min": 116.809447,
      "max": 265.252621,
      "p50": 183.261661,
      "p95": 235.444355,
      "p99": 256.583237
    },
    "inference_time": {
      "count": 399,
      "average": 167.44549090476198,
      "min": 133.250696,
      "max": 251.28780700000002,
      "p50": 167.451746,
      "p95": 193.890662,
      "p99": 202.97639400000003
    },
    "similarity_time": {
      "count": 399,
      "average": 30.410133458646595,
      "min": 2.881066,
      "max": 98.990993,
      "p50": 21.425399,
      "p95": 82.821721,
      "p99": 97.79214
    },
    "merging_time": {
      "count": 399,
      "average": 24.808759556390985,
      "min": 6.042189,
      "max": 43.752115,
      "p50": 26.765414,
      "p95": 40.115164,
      "p99": 43.026736
    },
    "post_process_denoise_time": {
      "count": 399,
      "average": 100.59983186967416,
      "min": 14.601195,
      "max": 202.082456,
      "p50": 93.365432,
      "p95": 193.745069,
      "p99": 198.528863
    },
    "post_processing_time": {
      "count": 399,
      "average": 126.46549594987475,
      "min": 14.717132,
      "max": 405.894547,
      "p50": 101.882955,
      "p95": 356.031469,
      "p99": 390.247073
    },
    "clip_mapping": {
      "count": 399,
      "average": 383.7268274586466,
      "min": 175.904111,
      "max": 756.229215,
      "p50": 350.69004,
      "p95": 640.433079,
      "p99": 726.409443
    },
    "total_time": {
      "count": 399,
      "average": 503.28943765914784,
      "min": 280.498873,
      "max": 880.501643,
      "p50": 474.270951,
      "p95": 762.976544,
      "p99": 848.936171
    }
  }
}