{
  "session_info": {
    "total_frames": 399,
    "start_time": 1756943154.2491143,
    "end_time": 1756943362.4765606,
    "duration_seconds": 208.22744631767273,
    "average_fps": 1.9161654566438517,
    "scene_name": "room0"
  },
  "performance_stats": {
    "caption_time": {
      "count": 399,
      "average": 15.54944233082708,
      "min": 15.053266,
      "max": 18.074476,
      "p50": 15.427868,
      "p95": 16.359872,
      "p99": 17.144784
    },
    "detection_time": {
      "count": 399,
      "average": 66.72059413533835,
      "min": 60.887144,
      "max": 77.786175,
      "p50": 67.34438,
      "p95": 70.160774,
      "p99": 71.406366
    },
    "segmentation_time": {
      "count": 399,
      "average": 36.79580540852131,
      "min": 24.528162,
      "max": 56.5791,
      "p50": 36.091951,
      "p95": 50.473007,
      "p99": 54.723679
    },
    "clip_time": {
      "count": 399,
      "average": 47.18178896240602,
      "min": 29.237623,
      "max": 81.061823,
      "p50": 46.776975,
      "p95": 63.041217,
      "p99": 66.695554
    },
    "pcd_creation_time": {
      "count": 399,
      "average": 56.29891521553882,
      "min": 35.167933,
      "max": 81.700857,
      "p50": 55.845465,
      "p95": 70.778638,
      "p99": 77.163499
    },
    "pcd_process_time": {
      "count": 399,
      "average": 46.72185159147867,
      "min": 30.18993,
      "max": 67.00786199999999,
      "p50": 45.923108,
      "p95": 59.571763999999995,
      "p99": 63.369569
    },
    "mapping_time": {
      "count": 399,
      "average": 190.8058914561404,
      "min": 117.947376,
      "max": 316.220739,
      "p50": 186.422732,
      "p95": 275.722036,
      "p99": 294.869391
    },
    "gobs_creation_time": {
      "count": 399,
      "average": 122.96878629072677,
      "min": 85.675134,
      "max": 160.032452,
      "p50": 122.10957,
      "p95": 149.564637,
      "p99": 155.433863
    },
    "inference_time": {
      "count": 399,
      "average": 166.2476308370925,
      "min": 132.49574900000002,
      "max": 216.89283700000001,
      "p50": 165.837268,
      "p95": 193.930215,
      "p99": 203.978701
    },
    "similarity_time": {
      "count": 399,
      "average": 9.327524137844609,
      "min": 2.379808,
      "max": 17.83514,
      "p50": 10.568089,
      "p95": 14.660335,
      "p99": 15.680895
    },
    "merging_time": {
      "count": 399,
      "average": 12.359548185463659,
      "min": 5.024232,
      "max": 21.645442,
      "p50": 12.422625,
      "p95": 18.053052,
      "p99": 20.408095
    },
    "post_process_denoise_time": {
      "count": 399,
      "average": 31.560599035087723,
      "min": 7.367605,
      "max": 57.29972,
      "p50": 32.241506,
      "p95": 46.30652,
      "p99": 51.479025
    },
    "post_processing_time": {
      "count": 399,
      "average": 42.46893636090229,
      "min": 7.568853,
      "max": 134.681777,
      "p50": 35.333737,
      "p95": 115.476638,
      "p99": 127.231582
    },
    "clip_mapping": {
      "count": 399,
      "average": 191.64229243107764,
      "min": 118.756373,
      "max": 317.141153,
      "p50": 187.658712,
      "p95": 276.568009,
      "p99": 295.755575
    },
    "total_time": {
      "count": 399,
      "average": 310.70813430576425,
      "min": 221.275159,
      "max": 452.651871,
      "p50": 306.517525,
      "p95": 400.821847,
      "p99": 422.426572
    }
  }
}