scene_id,miou,mrecall,mprecision,mf1score,fmiou
room0,28.90943577108176,43.61247005669967,33.71963614354963,34.16991484164148,57.25975724759819
room1,29.367590264270184,42.77159344208868,34.89273484600218,35.32278728368084,45.44219064871846
room2,26.04953828267753,37.06101346760988,30.57142747566104,30.717739530710155,69.6932674423131
office0,14.643445909023283,28.853389248251915,15.655696317553518,18.64196799383175,19.2707276960018
office1,22.50631239798066,32.7175822730472,23.844519720377217,24.18976714855839,55.5780166452209
office2,21.898604277521372,40.23453602567315,29.194309655576944,28.26799310517031,38.25588481663052
office3,20.01475283787364,24.876110468591964,28.82982456967944,23.956213965494694,45.19438955840555
office4,57.97462522983551,58.950666189193726,59.02138710021973,58.95839170699102,94.9164049955243
all,24.288439029159353,37.741543101575466,32.77505737537665,30.335285693214725,48.297317342800504
