{
  "session_info": {
    "total_frames": 398,
    "start_time": 1756943653.4739852,
    "end_time": 1756943858.8531601,
    "duration_seconds": 205.37917494773865,
    "average_fps": 1.9378704633342774,
    "scene_name": "room1"
  },
  "performance_stats": {
    "caption_time": {
      "count": 398,
      "average": 15.51540003266331,
      "min": 14.942003,
      "max": 18.604678,
      "p50": 15.34993,
      "p95": 16.549682,
      "p99": 17.397753
    },
    "detection_time": {
      "count": 398,
      "average": 70.35190517839193,
      "min": 59.580468,
      "max": 82.759989,
      "p50": 70.145227,
      "p95": 76.481741,
      "p99": 78.28235
    },
    "segmentation_time": {
      "count": 398,
      "average": 27.962843643216093,
      "min": 16.374942,
      "max": 48.555972,
      "p50": 29.0542,
      "p95": 37.380809,
      "p99": 43.209016
    },
    "clip_time": {
      "count": 398,
      "average": 35.76662520603017,
      "min": 14.838877,
      "max": 133.34833,
      "p50": 36.128156,
      "p95": 51.751874,
      "p99": 75.87013
    },
    "pcd_creation_time": {
      "count": 398,
      "average": 46.461199711055286,
      "min": 3.585464,
      "max": 80.347103,
      "p50": 47.947881,
      "p95": 62.422093,
      "p99": 69.835849
    },
    "pcd_process_time": {
      "count": 398,
      "average": 71.99762934422111,
      "min": 1.269598,
      "max": 129.14208900000003,
      "p50": 76.385071,
      "p95": 114.42195899999999,
      "p99": 123.58087599999998
    },
    "mapping_time": {
      "count": 398,
      "average": 222.170823133166,
      "min": 12.93526,
      "max": 401.614887,
      "p50": 225.20380400000002,
      "p95": 325.08538999999996,
      "p99": 387.514227
    },
    "gobs_creation_time": {
      "count": 398,
      "average": 133.66524155276386,
      "min": 8.371842,
      "max": 204.303834,
      "p50": 141.803305,
      "p95": 183.64882,
      "p99": 196.396037
    },
    "inference_time": {
      "count": 398,
      "average": 149.59677406030156,
      "min": 112.8272,
      "max": 258.483919,
      "p50": 151.330746,
      "p95": 177.282405,
      "p99": 195.287485
    },
    "similarity_time": {
      "count": 398,
      "average": 8.567207391959789,
      "min": 0.802746,
      "max": 28.109787,
      "p50": 8.448972,
      "p95": 15.039407,
      "p99": 24.072351
    },
    "merging_time": {
      "count": 398,
      "average": 9.565915801507538,
      "min": 0.358968,
      "max": 25.52503,
      "p50": 9.529021,
      "p95": 17.263594,
      "p99": 21.947137
    },
    "post_process_denoise_time": {
      "count": 398,
      "average": 40.09759653266332,
      "min": 0.778499,
      "max": 86.485235,
      "p50": 39.576868,
      "p95": 63.589382,
      "p99": 79.675777
    },
    "post_processing_time": {
      "count": 398,
      "average": 51.455291515075345,
      "min": 0.959946,
      "max": 174.330198,
      "p50": 44.276567,
      "p95": 121.781485,
      "p99": 164.408094
    },
    "clip_mapping": {
      "count": 398,
      "average": 223.0417524170854,
      "min": 23.086329,
      "max": 402.506027,
      "p50": 225.997496,
      "p95": 325.929168,
      "p99": 388.319958
    },
    "total_time": {
      "count": 398,
      "average": 336.8719012713567,
      "min": 122.051383,
      "max": 533.731795,
      "p50": 341.748528,
      "p95": 448.29804,
      "p99": 512.767216
    }
  }
}