{
  "session_info": {
    "total_frames": 399,
    "start_time": 1756946331.9033723,
    "end_time": 1756946547.404059,
    "duration_seconds": 215.5006866455078,
    "average_fps": 1.8514945458875116,
    "scene_name": "office2"
  },
  "performance_stats": {
    "caption_time": {
      "count": 399,
      "average": 15.52941056390977,
      "min": 14.976145,
      "max": 18.336852,
      "p50": 15.363968,
      "p95": 16.576992,
      "p99": 17.396485
    },
    "detection_time": {
      "count": 399,
      "average": 71.58675121052629,
      "min": 58.971653,
      "max": 86.667308,
      "p50": 73.929919,
      "p95": 79.417528,
      "p99": 85.184291
    },
    "segmentation_time": {
      "count": 399,
      "average": 27.596024137844612,
      "min": 16.963563,
      "max": 48.819281,
      "p50": 27.547293,
      "p95": 36.933622,
      "p99": 44.65829
    },
    "clip_time": {
      "count": 399,
      "average": 33.473802992481176,
      "min": 16.050937,
      "max": 70.801778,
      "p50": 32.803858,
      "p95": 47.283023,
      "p99": 60.761839
    },
    "pcd_creation_time": {
      "count": 399,
      "average": 49.90627381704262,
      "min": 6.704249,
      "max": 83.534264,
      "p50": 51.453579,
      "p95": 68.945258,
      "p99": 77.493236
    },
    "pcd_process_time": {
      "count": 399,
      "average": 82.29083852631578,
      "min": 5.007194,
      "max": 176.980622,
      "p50": 87.89565599999999,
      "p95": 147.00159399999998,
      "p99": 167.98330499999997
    },
    "mapping_time": {
      "count": 399,
      "average": 250.56132074185444,
      "min": 75.414849,
      "max": 532.342348,
      "p50": 244.417976,
      "p95": 426.738942,
      "p99": 508.041918
    },
    "gobs_creation_time": {
      "count": 399,
      "average": 146.75924955137847,
      "min": 20.734286,
      "max": 261.072828,
      "p50": 157.931158,
      "p95": 223.674518,
      "p99": 240.472525
    },
    "inference_time": {
      "count": 399,
      "average": 148.18598890476193,
      "min": 123.009294,
      "max": 194.041616,
      "p50": 144.933488,
      "p95": 174.94300800000002,
      "p99": 183.624315
    },
    "similarity_time": {
      "count": 399,
      "average": 16.165389857142856,
      "min": 1.583671,
      "max": 55.603211,
      "p50": 7.048376,
      "p95": 49.375291,
      "p99": 54.531424
    },
    "merging_time": {
      "count": 399,
      "average": 12.581245077694234,
      "min": 2.867403,
      "max": 25.269629,
      "p50": 12.414257,
      "p95": 20.77585,
      "p99": 24.240557
    },
    "post_process_denoise_time": {
      "count": 399,
      "average": 44.1291735238095,
      "min": 11.404996,
      "max": 93.54893,
      "p50": 37.660724,
      "p95": 82.090724,
      "p99": 87.258143
    },
    "post_processing_time": {
      "count": 399,
      "average": 57.761845641604,
      "min": 11.53797,
      "max": 215.789511,
      "p50": 41.287528,
      "p95": 189.904962,
      "p99": 210.154856
    },
    "clip_mapping": {
      "count": 399,
      "average": 251.48940811528823,
      "min": 77.353443,
      "max": 533.111354,
      "p50": 245.217449,
      "p95": 427.625048,
      "p99": 508.917736
    },
    "total_time": {
      "count": 399,
      "average": 366.20159402756883,
      "min": 184.236402,
      "max": 655.563498,
      "p50": 351.700016,
      "p95": 559.065123,
      "p99": 632.74221
    }
  }
}