{
  "session_info": {
    "total_frames": 399,
    "start_time": 1756945662.3808856,
    "end_time": 1756945849.6042857,
    "duration_seconds": 187.2234001159668,
    "average_fps": 2.1311305776834337,
    "scene_name": "office1"
  },
  "performance_stats": {
    "caption_time": {
      "count": 399,
      "average": 15.489637323308266,
      "min": 15.125521,
      "max": 17.610582,
      "p50": 15.365789,
      "p95": 16.231992,
      "p99": 16.830208
    },
    "detection_time": {
      "count": 399,
      "average": 77.4301526390977,
      "min": 60.364442,
      "max": 89.600667,
      "p50": 80.072844,
      "p95": 86.331971,
      "p99": 87.874207
    },
    "segmentation_time": {
      "count": 399,
      "average": 25.256319844611518,
      "min": 17.533033,
      "max": 36.907891,
      "p50": 25.117193,
      "p95": 32.869595,
      "p99": 34.747247
    },
    "clip_time": {
      "count": 399,
      "average": 32.80022657393486,
      "min": 16.040631,
      "max": 99.623921,
      "p50": 30.842116,
      "p95": 50.498428,
      "p99": 62.608191
    },
    "pcd_creation_time": {
      "count": 399,
      "average": 35.00994434837094,
      "min": 5.231941,
      "max": 66.471212,
      "p50": 36.165816,
      "p95": 55.128851,
      "p99": 60.651165
    },
    "pcd_process_time": {
      "count": 399,
      "average": 30.477929598997495,
      "min": 3.411137,
      "max": 66.12835100000001,
      "p50": 30.881977,
      "p95": 51.088508000000004,
      "p99": 62.29737
    },
    "mapping_time": {
      "count": 399,
      "average": 138.66934068170426,
      "min": 28.418422,
      "max": 308.60736299999996,
      "p50": 130.30352299999998,
      "p95": 238.278413,
      "p99": 276.152268
    },
    "gobs_creation_time": {
      "count": 399,
      "average": 78.06116452380945,
      "min": 15.754964,
      "max": 145.381771,
      "p50": 81.006019,
      "p95": 116.302377,
      "p99": 127.090446
    },
    "inference_time": {
      "count": 399,
      "average": 150.97633638095232,
      "min": 117.610283,
      "max": 229.76600299999998,
      "p50": 148.680013,
      "p95": 177.502335,
      "p99": 188.888959
    },
    "similarity_time": {
      "count": 399,
      "average": 7.895150030075187,
      "min": 0.791621,
      "max": 23.781229,
      "p50": 6.551429,
      "p95": 18.319696,
      "p99": 22.097904
    },
    "merging_time": {
      "count": 399,
      "average": 8.753119270676688,
      "min": 0.681503,
      "max": 27.29473,
      "p50": 7.776983,
      "p95": 17.23733,
      "p99": 22.236534
    },
    "post_process_denoise_time": {
      "count": 399,
      "average": 33.35062773684212,
      "min": 1.324506,
      "max": 71.802042,
      "p50": 30.587477,
      "p95": 59.588587,
      "p99": 69.010883
    },
    "post_processing_time": {
      "count": 399,
      "average": 41.92390479949876,
      "min": 1.397988,
      "max": 158.326944,
      "p50": 33.181086,
      "p95": 125.764761,
      "p99": 137.182388
    },
    "clip_mapping": {
      "count": 399,
      "average": 140.2164043909774,
      "min": 36.483685,
      "max": 309.422009,
      "p50": 131.539122,
      "p95": 239.052887,
      "p99": 277.026515
    },
    "total_time": {
      "count": 399,
      "average": 258.39251419799496,
      "min": 146.081876,
      "max": 436.271966,
      "p50": 245.703482,
      "p95": 370.321445,
      "p99": 411.262053
    }
  }
}