{
  "session_info": {
    "total_frames": 399,
    "start_time": 1756946557.510588,
    "end_time": 1756946752.2652109,
    "duration_seconds": 194.75462293624878,
    "average_fps": 2.048722267163136,
    "scene_name": "office2"
  },
  "performance_stats": {
    "caption_time": {
      "count": 399,
      "average": 15.42854842606517,
      "min": 15.034462,
      "max": 17.483877,
      "p50": 15.341261,
      "p95": 16.067291,
      "p99": 16.808144
    },
    "detection_time": {
      "count": 399,
      "average": 71.34692910526313,
      "min": 59.357208,
      "max": 86.450623,
      "p50": 74.178243,
      "p95": 77.691713,
      "p99": 80.706191
    },
    "segmentation_time": {
      "count": 399,
      "average": 27.48025359899749,
      "min": 17.020288,
      "max": 48.817665,
      "p50": 27.537937,
      "p95": 36.991116,
      "p99": 42.628534
    },
    "clip_time": {
      "count": 399,
      "average": 33.21450579197993,
      "min": 17.144488,
      "max": 61.798449,
      "p50": 32.340969,
      "p95": 47.565382,
      "p99": 54.385928
    },
    "pcd_creation_time": {
      "count": 399,
      "average": 48.47057080451126,
      "min": 6.541921,
      "max": 74.145302,
      "p50": 50.983646,
      "p95": 67.430708,
      "p99": 72.318771
    },
    "pcd_process_time": {
      "count": 399,
      "average": 30.74388274686717,
      "min": 4.693114,
      "max": 49.238218,
      "p50": 32.448346,
      "p95": 43.073685000000005,
      "p99": 46.82052100000001
    },
    "mapping_time": {
      "count": 399,
      "average": 132.39935776691732,
      "min": 33.924779,
      "max": 216.660433,
      "p50": 135.375677,
      "p95": 186.72012,
      "p99": 204.110556
    },
    "gobs_creation_time": {
      "count": 399,
      "average": 94.05478541854637,
      "min": 17.199052,
      "max": 138.000727,
      "p50": 99.185641,
      "p95": 124.729301,
      "p99": 134.723437
    },
    "inference_time": {
      "count": 399,
      "average": 147.47023692230584,
      "min": 122.954398,
      "max": 192.52814899999998,
      "p50": 144.122554,
      "p95": 173.44069199999998,
      "p99": 188.032239
    },
    "similarity_time": {
      "count": 399,
      "average": 5.437150711779447,
      "min": 1.520063,
      "max": 11.736261,
      "p50": 4.824625,
      "p95": 9.559784,
      "p99": 11.240993
    },
    "merging_time": {
      "count": 399,
      "average": 6.749406681704269,
      "min": 1.562249,
      "max": 14.101196,
      "p50": 6.432372,
      "p95": 11.436512,
      "p99": 13.449249
    },
    "post_process_denoise_time": {
      "count": 399,
      "average": 17.13820331077694,
      "min": 4.102,
      "max": 32.894975,
      "p50": 17.060761,
      "p95": 25.521074,
      "p99": 30.293238
    },
    "post_processing_time": {
      "count": 399,
      "average": 23.2043629849624,
      "min": 4.327665,
      "max": 85.08794,
      "p50": 18.707147,
      "p95": 60.400762,
      "p99": 74.520596
    },
    "clip_mapping": {
      "count": 399,
      "average": 133.2585046791981,
      "min": 41.106768,
      "max": 217.435257,
      "p50": 136.120405,
      "p95": 187.521385,
      "p99": 204.935366
    },
    "total_time": {
      "count": 399,
      "average": 247.5142358095238,
      "min": 150.666025,
      "max": 341.326555,
      "p50": 247.138184,
      "p95": 312.269291,
      "p99": 326.829741
    }
  }
}