{
  "session_info": {
    "total_frames": 399,
    "start_time": 1756944074.1076164,
    "end_time": 1756944330.460934,
    "duration_seconds": 256.35331749916077,
    "average_fps": 1.556440081480946,
    "scene_name": "room2"
  },
  "performance_stats": {
    "caption_time": {
      "count": 399,
      "average": 15.722217661654133,
      "min": 15.008838,
      "max": 18.400703,
      "p50": 15.542336,
      "p95": 16.667233,
      "p99": 17.72386
    },
    "detection_time": {
      "count": 399,
      "average": 66.94531259899748,
      "min": 60.687028,
      "max": 80.462345,
      "p50": 65.570914,
      "p95": 75.988689,
      "p99": 78.572375
    },
    "segmentation_time": {
      "count": 399,
      "average": 64.22895327568916,
      "min": 28.900396,
      "max": 90.165736,
      "p50": 64.297898,
      "p95": 79.673274,
      "p99": 85.690306
    },
    "pcd_creation_time": {
      "count": 399,
      "average": 51.49207222055135,
      "min": 4.69935,
      "max": 82.046473,
      "p50": 52.863858,
      "p95": 69.875976,
      "p99": 77.808294
    },
    "pcd_process_time": {
      "count": 399,
      "average": 73.0057821929824,
      "min": 4.575711,
      "max": 138.11128300000001,
      "p50": 73.94308700000002,
      "p95": 115.12384999999999,
      "p99": 133.363744
    },
    "mapping_time": {
      "count": 399,
      "average": 232.8456788746868,
      "min": 39.346074,
      "max": 467.555636,
      "p50": 228.280854,
      "p95": 359.220266,
      "p99": 453.067983
    },
    "gobs_creation_time": {
      "count": 399,
      "average": 140.34678820300746,
      "min": 13.977385,
      "max": 227.650233,
      "p50": 146.942955,
      "p95": 201.648625,
      "p99": 220.494366
    },
    "clip_time": {
      "count": 399,
      "average": 246.58997780701742,
      "min": 56.294891,
      "max": 378.79872,
      "p50": 245.44844,
      "p95": 333.400264,
      "p99": 367.016859
    },
    "inference_time": {
      "count": 399,
      "average": 393.48646134335814,
      "min": 175.537246,
      "max": 552.572994,
      "p50": 392.76197299999995,
      "p95": 491.0948200000001,
      "p99": 529.207707
    },
    "similarity_time": {
      "count": 399,
      "average": 10.863113461152883,
      "min": 2.674637,
      "max": 50.507105,
      "p50": 9.223912,
      "p95": 24.959423,
      "p99": 47.671684
    },
    "merging_time": {
      "count": 399,
      "average": 9.671494453634077,
      "min": 0.847886,
      "max": 17.507056,
      "p50": 9.704336,
      "p95": 14.921898,
      "p99": 16.609365
    },
    "post_process_denoise_time": {
      "count": 399,
      "average": 43.82734750626564,
      "min": 4.976994,
      "max": 88.232245,
      "p50": 43.831752,
      "p95": 70.479751,
      "p99": 78.111439
    },
    "post_processing_time": {
      "count": 399,
      "average": 59.9594362631579,
      "min": 5.307078,
      "max": 316.102849,
      "p50": 45.81259,
      "p95": 161.444505,
      "p99": 299.337114
    },
    "clip_mapping": {
      "count": 399,
      "average": 339.9630747017542,
      "min": 92.42997,
      "max": 577.871554,
      "p50": 337.662464,
      "p95": 482.131143,
      "p99": 573.630095
    },
    "total_time": {
      "count": 399,
      "average": 486.8595582380951,
      "min": 215.974699,
      "max": 743.053384,
      "p50": 483.738956,
      "p95": 643.072699,
      "p99": 731.869174
    }
  }
}