{
  "session_info": {
    "total_frames": 399,
    "start_time": 1756944555.078028,
    "end_time": 1756944751.770931,
    "duration_seconds": 196.6929030418396,
    "average_fps": 2.028533309598527,
    "scene_name": "room2"
  },
  "performance_stats": {
    "caption_time": {
      "count": 399,
      "average": 15.354498937343363,
      "min": 14.917775,
      "max": 18.131676,
      "p50": 15.242512,
      "p95": 16.039009,
      "p99": 17.104146
    },
    "detection_time": {
      "count": 399,
      "average": 65.99505964661654,
      "min": 60.031161,
      "max": 83.834208,
      "p50": 64.746718,
      "p95": 74.175187,
      "p99": 77.474279
    },
    "segmentation_time": {
      "count": 399,
      "average": 28.301902977443604,
      "min": 18.471136,
      "max": 44.415692,
      "p50": 28.151648,
      "p95": 35.281072,
      "p99": 39.105327
    },
    "clip_time": {
      "count": 399,
      "average": 34.91955965413534,
      "min": 23.689871,
      "max": 55.654756,
      "p50": 33.695339,
      "p95": 47.139785,
      "p99": 52.640841
    },
    "pcd_creation_time": {
      "count": 399,
      "average": 50.51717988972437,
      "min": 7.327618,
      "max": 85.232754,
      "p50": 52.065501,
      "p95": 67.668193,
      "p99": 78.31503
    },
    "pcd_process_time": {
      "count": 399,
      "average": 31.83269040852127,
      "min": 4.952417,
      "max": 48.890568,
      "p50": 32.515767000000004,
      "p95": 42.30470600000001,
      "p99": 45.976867
    },
    "mapping_time": {
      "count": 399,
      "average": 136.3795559649122,
      "min": 27.613677000000003,
      "max": 228.909535,
      "p50": 135.390308,
      "p95": 181.96838400000001,
      "p99": 207.233963
    },
    "gobs_creation_time": {
      "count": 399,
      "average": 97.78769175939861,
      "min": 18.317861,
      "max": 147.99458,
      "p50": 99.787552,
      "p95": 125.046242,
      "p99": 137.161936
    },
    "inference_time": {
      "count": 399,
      "average": 144.5710212155388,
      "min": 126.543014,
      "max": 181.795251,
      "p50": 142.774016,
      "p95": 164.18745499999997,
      "p99": 170.985354
    },
    "similarity_time": {
      "count": 399,
      "average": 4.706738879699248,
      "min": 1.646796,
      "max": 9.013263,
      "p50": 4.616855,
      "p95": 7.860892,
      "p99": 8.742579
    },
    "merging_time": {
      "count": 399,
      "average": 6.165790238095242,
      "min": 0.822757,
      "max": 10.204864,
      "p50": 6.283131,
      "p95": 8.313163,
      "p99": 9.158896
    },
    "post_process_denoise_time": {
      "count": 399,
      "average": 18.769021491228074,
      "min": 4.377339,
      "max": 32.022664,
      "p50": 19.237927,
      "p95": 27.260878,
      "p99": 30.569223
    },
    "post_processing_time": {
      "count": 399,
      "average": 24.524925869674174,
      "min": 4.752121,
      "max": 85.712809,
      "p50": 20.797921,
      "p95": 67.158305,
      "p99": 82.208452
    },
    "clip_mapping": {
      "count": 399,
      "average": 137.31080191228074,
      "min": 36.91479,
      "max": 229.688265,
      "p50": 136.225784,
      "p95": 182.732872,
      "p99": 207.993363
    },
    "total_time": {
      "count": 399,
      "average": 246.9622634736844,
      "min": 145.82696,
      "max": 346.169971,
      "p50": 245.628672,
      "p95": 296.133168,
      "p99": 322.68218
    }
  }
}