{
  "session_info": {
    "total_frames": 399,
    "start_time": 1756947092.6054115,
    "end_time": 1756947327.9898038,
    "duration_seconds": 235.3843924999237,
    "average_fps": 1.6950931937414764,
    "scene_name": "office3"
  },
  "performance_stats": {
    "caption_time": {
      "count": 399,
      "average": 15.627858731829567,
      "min": 14.992396,
      "max": 18.98488,
      "p50": 15.468295,
      "p95": 16.660097,
      "p99": 17.488963
    },
    "detection_time": {
      "count": 399,
      "average": 68.06203637092733,
      "min": 59.242367,
      "max": 80.108732,
      "p50": 68.818845,
      "p95": 73.393447,
      "p99": 76.35921
    },
    "segmentation_time": {
      "count": 399,
      "average": 31.202189621553856,
      "min": 21.719981,
      "max": 50.414523,
      "p50": 31.274806,
      "p95": 40.098293,
      "p99": 46.232339
    },
    "clip_time": {
      "count": 399,
      "average": 44.01928259899754,
      "min": 24.715951,
      "max": 176.804878,
      "p50": 42.318097,
      "p95": 66.58549,
      "p99": 105.093032
    },
    "pcd_creation_time": {
      "count": 399,
      "average": 48.36620561152883,
      "min": 14.724206,
      "max": 77.556381,
      "p50": 48.814216,
      "p95": 66.713837,
      "p99": 73.495153
    },
    "pcd_process_time": {
      "count": 399,
      "average": 115.28145232330829,
      "min": 20.120475,
      "max": 222.50331500000001,
      "p50": 119.685169,
      "p95": 191.157549,
      "p99": 204.632956
    },
    "mapping_time": {
      "count": 399,
      "average": 306.5404220601504,
      "min": 111.48556300000001,
      "max": 633.616728,
      "p50": 292.405375,
      "p95": 488.373533,
      "p99": 574.559696
    },
    "gobs_creation_time": {
      "count": 399,
      "average": 180.5252937694237,
      "min": 50.901547,
      "max": 314.023339,
      "p50": 186.100831,
      "p95": 273.05836,
      "p99": 294.62752
    },
    "inference_time": {
      "count": 399,
      "average": 158.9113673233082,
      "min": 123.855263,
      "max": 309.706708,
      "p50": 157.843265,
      "p95": 191.193532,
      "p99": 222.83003300000001
    },
    "similarity_time": {
      "count": 399,
      "average": 14.133475380952378,
      "min": 5.009016,
      "max": 31.843966,
      "p50": 13.601851,
      "p95": 24.150516,
      "p99": 30.026708
    },
    "merging_time": {
      "count": 399,
      "average": 15.412624586466157,
      "min": 3.910397,
      "max": 37.408201,
      "p50": 15.10525,
      "p95": 29.602329,
      "p99": 32.758754
    },
    "post_process_denoise_time": {
      "count": 399,
      "average": 58.6674685062657,
      "min": 14.720031,
      "max": 113.189197,
      "p50": 57.867485,
      "p95": 102.597277,
      "p99": 107.493512
    },
    "post_processing_time": {
      "count": 399,
      "average": 73.98951665664164,
      "min": 14.989993,
      "max": 249.935164,
      "p50": 61.692601,
      "p95": 194.461908,
      "p99": 230.121477
    },
    "clip_mapping": {
      "count": 399,
      "average": 307.6043722180452,
      "min": 116.380635,
      "max": 634.452355,
      "p50": 293.417673,
      "p95": 489.161198,
      "p99": 575.379258
    },
    "total_time": {
      "count": 399,
      "average": 422.49645694235585,
      "min": 233.08125,
      "max": 762.552425,
      "p50": 407.668301,
      "p95": 610.991563,
      "p99": 696.392366
    }
  }
}